{"cameraMode":{"drawMode":0,"name":"Shaded","section":"Shading Mode"},"sceneLighting":true,"audioPlay":false,"sceneViewState":{"showFog":true,"showMaterialUpdate":false,"showSkybox":true,"showFlares":true,"showImageEffects":true,"showParticleSystems":true},"in2DMode":false,"pivot":{"x":-3.192134380340576,"y":2.197570323944092,"z":-2.920196056365967},"rotation":{"x":-0.26512429118156435,"y":0.03822251781821251,"z":-0.010336204431951046,"w":-0.9635447859764099},"size":3.0259385108947756,"orthographic":false}